{
    "manufacturer": "qmkbuilder",
    "keyboard_name": "keyboard",
    "maintainer": "qmk",
    "_invalid": {
        "unused_pins": true
    },
    "backlight": {
        "levels": 3
    },
    "bootmagic": {
        "enabled": true
    },
    "diode_direction": "COL2ROW",
    "encoder": {
        "enabled": true,
        "rotary": [
            {"pin_a": "D1", "pin_b": "D0", "resolution": 4},
            {"pin_a": "F4", "pin_b": "F5", "resolution": 4}
        ]
    },
    "features": {
        "audio": false,
        "backlight": false,
        "bootmagic": true,
        "command": false,
        "console": false,
        "encoder": true,
        "extrakey": true,
        "mousekey": true,
        "nkro": true,
        "rgblight": false,
        "sleep_led": false
    },
    "matrix_pins": {
        "cols": ["B5", "B6", "B1", "F7"],
        "rows": ["F6", "D4", "B4"]
    },
	"development_board": "promicro",
    "rgblight": {
        "brightness_steps": 8,
        "hue_steps": 8,
        "saturation_steps": 8
    },
    "usb": {
        "device_version": "0.0.1",
        "pid": "0x6060",
        "vid": "0xFEED"
    },
    "layouts": {
        "LAYOUT_a": {
            "layout": [
                {"label": "K03", "matrix": [0, 3], "x": 0, "y": 0},
                {"label": "K10", "matrix": [1, 0], "x": 1, "y": 0},
                {"label": "K11", "matrix": [1, 1], "x": 2, "y": 0},
                {"label": "K12", "matrix": [1, 2], "x": 3, "y": 0},
                {"label": "K13", "matrix": [1, 3], "x": 4, "y": 0},
                {"label": "K21", "matrix": [2, 1], "x": 5, "y": 0},
                {"label": "K23", "matrix": [2, 3], "x": 6, "y": 0}
            ]
        }
    }
}
